"ZT","CCA1","CCA1","CCA1","CCA1","CCA1","CCA1","CCA1","CCA1","CCA1","CCA1","CCA1","CCA1","CCA1","CCA1","CCA1","CCA1","CCA1","CCA1","CCA1","CCA1","CCA1","CCA1","CCA1","CCA1","CCA1","CCA1","CCA1","CCA1","CCA1","CCA1","CCA1","CCA1"
2,18.183,10.284,32.761,15.582,17.727,7.95500000000004,30.1419999999999,21.533,10.773,25.232,28.501,8.26900000000001,13.806,19.125,11.38,19.431,14.639,13.3629999999999,12.283,19.131,21.1799999999999,13.285,24.407,27.547,8.72699999999998,11.159,22.745,16.1899999999999,27.11,14.64,25.026,14.2239999999999
4,20.6376666666666,11.7766666666666,38.5916666666666,15.0366666666666,22.5716666666666,9.36366666666663,33.2906666666667,24.6226666666666,12.9436666666667,27.4096666666666,34.0966666666666,9.06466666666665,16.7276666666667,21.7436666666666,12.9496666666666,23.2206666666666,17.2346666666666,16.5266666666666,14.3136666666666,22.1046666666666,24.5816666666666,15.8136666666666,27.7396666666666,30.4156666666667,10.5936666666666,13.9216666666666,26.3306666666666,20.0036666666666,30.8206666666666,16.6716666666666,28.3786666666666,16.8816666666667
6,21.721,11.5219999999999,37.0279999999999,14.322,24.617,9.66599999999994,30.4499999999999,24.129,13.078,25.394,33.659,9.13499999999999,17.404,21.7769999999999,12.764,23.376,17.3159999999999,19.1479999999999,13.554,27.813,25.163,16.134,27.3969999999999,27.213,10.275,14.145,24.98,18.905,29.702,17.721,28.1079999999999,18.184
8,20.4753333333333,9.87033333333329,30.1083333333333,12.2753333333334,21.7843333333334,8.5913333333333,26.5793333333334,21.3533333333334,12.4563333333333,21.4863333333334,30.0103333333334,9.14233333333334,15.7393333333333,19.5693333333334,12.4203333333334,22.3653333333333,16.7093333333333,18.5063333333334,12.5723333333333,24.0633333333334,22.4403333333333,15.3353333333333,26.0113333333334,24.3383333333334,8.51933333333329,12.7673333333333,22.0273333333333,17.0103333333334,25.5803333333333,14.3203333333333,24.6583333333333,17.6643333333334
10,17.758,8.49200000000008,23.7950000000001,11.45,17.3530000000001,7.529,22.724,19.109,11.34,17.6510000000001,23.9860000000001,8.51600000000008,13.332,16.6800000000001,10.9240000000001,19.923,15.115,15.907,11.1310000000001,19.1120000000001,17.6110000000001,13.624,22.599,20.9110000000001,7.08800000000008,9.84800000000007,18.144,14.388,20.8190000000001,10.3330000000001,18.599,15.7610000000001
12,15.3813333333334,7.39133333333336,19.5653333333333,10.3613333333333,14.8793333333333,6.83933333333334,19.7963333333333,17.9323333333333,10.1523333333333,15.4243333333334,21.5763333333333,7.97533333333331,12.1813333333333,14.3403333333333,10.1643333333334,17.4603333333333,14.2033333333334,13.5123333333333,9.75133333333338,16.4163333333333,14.7113333333333,11.5193333333333,20.8063333333333,18.4283333333333,5.31033333333335,8.43933333333337,17.2403333333333,12.1283333333333,18.3953333333334,9.02533333333338,17.2893333333334,13.7563333333334
14,13.8086666666667,6.43166666666673,15.8876666666667,9.30666666666673,13.5336666666667,6.2646666666667,16.6626666666667,16.3566666666667,8.9086666666667,12.8706666666667,18.9936666666667,7.27866666666671,9.9136666666667,12.1636666666667,9.00866666666673,15.0426666666667,13.5706666666667,11.8616666666667,8.83066666666673,15.1796666666667,13.1316666666667,10.5866666666667,18.6376666666667,15.4186666666667,4.45566666666673,7.9376666666667,12.9076666666667,10.3036666666667,16.4246666666667,8.22066666666672,14.8106666666667,12.5676666666667
16,12.2186666666666,5.14766666666662,12.6226666666666,7.3656666666667,11.8186666666667,5.13366666666661,13.3886666666667,14.4056666666667,7.38166666666666,11.3296666666666,17.8866666666667,5.93966666666665,7.69366666666667,9.94366666666667,7.17766666666671,12.1966666666667,12.1076666666667,10.5186666666667,7.27866666666671,13.1006666666667,11.6506666666667,10.6196666666667,16.3236666666667,12.3836666666666,3.6106666666667,6.75466666666671,9.63666666666666,8.4186666666667,14.7676666666666,7.09666666666669,14.0006666666667,11.0886666666667
18,10.8163333333334,4.27633333333335,10.7363333333334,6.40633333333335,10.0563333333333,4.65733333333333,10.9913333333334,12.5303333333334,5.96533333333343,10.1073333333334,15.8413333333334,5.43333333333339,6.64533333333338,8.7793333333334,6.55033333333336,10.8163333333334,11.0143333333334,9.50633333333337,6.40633333333335,11.2783333333334,10.6653333333334,9.24133333333339,13.8723333333334,10.3163333333334,2.90833333333342,5.67133333333334,8.07433333333336,6.92033333333336,12.3773333333334,6.16733333333343,11.5963333333334,9.80833333333339
20,9.68066666666664,3.7786666666666,10.3416666666667,5.9136666666667,9.18466666666666,4.0956666666666,10.0836666666667,12.1446666666667,5.14666666666665,9.61766666666665,15.2736666666666,4.95466666666664,5.81366666666668,7.98766666666666,5.87866666666662,9.85766666666666,10.1206666666667,8.98766666666666,6.20866666666666,10.2906666666667,10.1776666666666,8.7886666666667,12.4816666666667,9.7446666666666,3.2116666666667,5.52966666666669,7.37766666666664,6.4516666666666,11.8686666666666,5.61466666666661,11.9476666666667,8.98966666666661
22,9.50900000000001,3.63400000000001,13.24,6.11900000000003,9.048,3.92100000000005,11.09,13.696,4.56900000000007,10.72,17.003,4.06200000000001,5.22800000000007,8.43299999999999,5.178,8.90300000000002,8.95400000000006,8.57500000000005,5.69100000000003,9.70800000000008,11.197,9.36000000000001,11.585,9.26600000000008,3.24800000000005,6.178,8.07600000000002,6.42100000000005,12.986,5.66600000000005,12.938,8.57900000000006
24,11.4286666666668,4.66966666666679,21.5366666666667,7.39666666666676,11.8926666666667,5.14466666666669,14.5966666666667,19.0726666666667,4.99966666666671,14.6136666666667,24.4606666666667,4.47166666666669,5.57566666666673,10.7546666666667,5.40266666666673,9.94766666666669,9.98866666666675,10.4426666666667,7.03666666666675,12.4436666666668,14.4786666666668,11.3386666666668,13.6626666666667,12.3296666666668,4.87966666666671,9.47766666666678,10.9106666666668,7.57366666666678,16.8216666666667,7.82666666666671,18.4576666666668,10.2026666666668
26,15.3606666666667,6.24266666666665,35.1286666666667,9.66966666666667,16.5346666666667,6.52266666666674,19.8726666666666,26.5926666666667,6.06966666666665,20.9256666666666,34.5926666666667,5.30666666666673,7.76266666666675,15.4176666666667,6.2356666666667,13.2056666666667,12.4826666666667,13.6356666666667,8.64666666666665,16.8326666666667,22.0336666666667,16.0816666666667,18.0086666666667,15.3536666666666,7.37666666666667,14.7796666666667,15.4836666666666,9.92466666666667,21.9346666666667,11.4146666666667,29.5246666666667,13.0626666666667
28,19.6536666666667,8.24866666666674,44.7956666666666,11.6986666666667,22.1116666666667,8.63266666666664,24.4356666666666,33.3106666666666,7.44566666666674,25.1026666666667,43.2106666666667,6.02966666666669,9.76266666666663,20.3436666666666,8.88866666666672,17.2856666666667,14.9206666666666,17.1946666666666,10.2236666666666,21.7946666666667,26.5216666666666,19.8906666666667,23.9566666666667,17.9866666666667,8.99766666666665,18.9756666666667,19.6966666666667,13.1896666666667,28.6066666666667,14.0076666666666,34.5836666666667,16.9486666666667
30,22.9299999999999,9.39599999999996,45.4879999999999,12.831,25.432,9.73000000000002,26.228,34.871,8.50199999999995,26.747,46.4549999999999,6.80700000000002,11.5949999999999,23.482,8.47799999999995,21.713,17.5319999999999,20.179,11.8399999999999,26.718,29.0359999999999,23.261,26.475,19.275,9.81499999999994,20.0749999999999,22.982,15.552,32.269,15.6379999999999,35.3489999999999,19.846
32,24.6866666666667,9.63066666666668,39.9786666666666,13.3896666666667,26.3246666666666,9.71066666666673,26.2936666666667,33.3996666666667,9.89266666666674,25.7886666666667,43.5446666666667,7.39566666666667,14.6306666666667,24.4806666666667,8.99366666666674,23.9366666666667,19.0416666666666,24.0266666666666,13.1016666666667,26.8646666666667,29.7746666666667,24.1106666666667,27.6626666666667,20.1646666666667,9.80766666666671,19.2276666666667,24.1276666666666,17.4746666666667,31.8276666666667,14.9776666666667,32.8686666666667,21.7036666666667
34,24.0326666666667,9.18566666666675,35.4906666666667,13.4816666666667,25.9556666666667,9.72966666666673,25.0126666666667,30.1266666666667,11.0896666666667,24.4866666666667,39.0216666666666,7.89766666666674,15.7946666666667,24.8156666666667,9.06566666666674,24.3786666666667,19.5596666666667,22.7366666666667,13.5166666666667,24.3836666666667,25.8346666666667,23.7716666666666,27.4956666666667,19.9906666666667,9.29166666666674,17.1286666666667,23.4566666666667,17.3446666666667,30.2686666666667,13.6696666666667,28.7346666666667,22.0416666666667
36,21.6249999999999,7.95299999999997,30.8019999999999,12.1059999999999,22.3019999999999,8.72699999999998,22.7379999999999,26.7069999999999,10.6079999999999,23.501,34.6539999999999,7.4799999999999,14.372,22.747,8.40999999999997,22.7299999999999,18.4019999999999,21.2809999999999,13.0079999999999,21.4119999999999,22.2829999999999,21.9189999999999,25.4329999999999,18.6829999999999,8.27799999999991,14.8979999999999,21.2439999999999,16.3309999999999,27.8789999999999,12.04,24.1159999999999,19.6569999999999
38,19.6266666666667,7.40266666666662,28.3116666666666,11.0556666666666,21.4216666666666,8.50866666666661,20.3976666666666,23.1266666666667,10.1826666666667,22.0036666666666,32.9096666666667,7.4906666666667,14.4746666666666,21.1746666666667,8.5186666666666,20.7566666666667,17.6176666666667,23.3176666666667,12.5366666666666,20.3926666666666,19.8736666666666,21.0946666666666,23.7466666666667,17.4846666666666,6.88566666666668,13.0546666666667,18.3676666666667,14.3796666666667,25.3656666666667,12.3456666666666,21.7626666666666,17.6036666666666
40,17.752,6.31700000000001,23.665,9.78899999999999,19.766,8.00400000000002,17.843,20.29,8.97699999999998,19.963,30.2249999999999,7.03399999999999,12.9699999999999,19.919,7.59899999999993,18.793,16.356,22.106,11.679,19.968,19.1569999999999,19.121,21.49,15.544,6.08899999999994,14.0309999999999,15.735,13.14,22.509,14.107,20.259,16.8449999999999
42,16.525,5.83299999999997,22.939,9.09199999999998,18.0759999999999,7.53800000000001,16.276,18.799,8.13900000000001,18.3869999999999,27.6759999999999,6.59100000000001,11.284,18.622,6.66099999999994,17.3059999999999,15.2619999999999,20.812,10.9109999999999,19.078,17.1099999999999,19.386,20.2109999999999,13.7479999999999,5.24599999999998,12.353,13.313,11.554,19.5599999999999,12.491,19.976,15.861
44,14.7283333333334,5.08833333333337,22.0393333333334,8.62433333333331,17.2803333333334,6.96333333333337,15.1793333333334,17.0743333333334,6.92533333333336,17.2473333333334,27.4863333333333,5.75833333333333,9.4613333333333,18.8813333333334,5.58033333333333,15.1073333333334,13.5303333333334,17.5833333333334,10.1053333333333,17.2483333333333,15.9653333333333,16.5803333333333,18.9643333333333,12.6173333333334,4.82833333333338,12.7813333333334,11.5683333333334,10.8333333333334,19.3653333333333,11.0493333333334,19.5683333333334,14.3463333333333
46,15.7436666666667,5.0336666666667,28.0636666666667,9.63166666666666,17.4816666666667,6.83966666666674,16.9506666666667,18.5276666666667,6.72766666666666,20.2986666666667,35.2366666666667,5.79166666666674,8.90366666666671,19.6606666666668,5.50666666666666,14.2876666666667,12.6846666666667,20.8226666666667,9.82266666666669,16.6196666666667,17.6576666666667,16.9546666666668,19.6006666666667,12.5066666666667,5.5626666666667,15.5796666666668,11.5616666666667,10.2936666666667,20.9116666666667,12.7716666666668,24.5296666666667,15.0426666666667
48,18.7013333333333,5.85133333333329,46.3453333333333,12.0053333333333,21.6513333333332,7.73133333333328,22.1883333333333,23.7573333333333,6.76833333333332,28.5123333333333,52.9843333333333,6.26633333333325,8.96233333333328,23.3263333333333,5.78233333333333,15.6533333333333,13.5013333333333,23.3503333333333,10.7403333333333,19.1223333333332,28.2543333333333,23.1443333333333,22.4273333333333,14.2493333333333,6.8893333333333,23.8343333333333,13.7313333333333,10.5613333333333,30.0323333333333,17.2663333333333,35.8053333333332,17.6453333333333
50,24.7486666666666,7.48066666666671,68.8446666666666,15.3896666666667,30.3866666666667,9.81666666666672,30.2356666666667,32.5976666666667,7.20066666666662,37.8106666666666,74.3606666666667,6.3896666666667,10.6276666666666,30.7586666666667,6.24166666666667,18.4846666666667,16.5336666666667,31.9516666666667,14.3056666666666,25.1626666666667,39.6626666666667,28.1046666666666,28.4836666666666,18.2126666666667,8.9136666666667,34.2116666666667,17.8986666666667,12.2676666666666,38.8276666666667,23.8836666666667,48.6836666666667,22.6516666666666
52,32.796,9.28500000000008,80.8520000000001,17.226,36.4540000000001,11.95,38.5070000000001,40.109,8.24300000000005,47.547,86.278,6.82600000000002,12.22,39.7220000000001,7.21600000000001,24.9540000000001,20.423,41.6610000000001,16.754,35.668,47.138,35.394,42.162,23.7610000000001,10.741,37.9540000000001,22.38,15.9000000000001,45.606,25.74,51.4440000000001,34.1360000000001
54,38.831,11.3630000000001,81.579,19.663,40.924,13.394,45.296,43.244,10.7569999999999,51.213,86.903,8.13700000000006,14.7190000000001,46.87,9.53200000000004,32.431,24.865,50.077,18.91,42.348,47.5410000000001,37.9160000000001,55.593,29.409,12.2809999999999,34.419,27.341,19.62,52.256,26.12,47.216,37.357
56,40.2506666666667,12.8026666666667,74.0936666666668,20.5926666666667,41.2626666666667,14.1716666666667,47.4736666666668,42.9096666666667,12.6606666666668,50.6946666666668,76.8936666666667,9.46066666666673,17.0786666666667,51.1876666666667,11.2336666666667,38.6106666666667,27.9636666666668,46.7866666666667,20.6486666666667,41.9026666666667,41.1206666666667,35.8246666666668,57.4936666666667,31.8436666666668,12.7186666666668,26.3586666666667,29.1656666666668,21.0966666666667,54.9166666666667,23.2836666666667,41.4516666666667,36.0986666666668
58,38.2593333333333,13.6963333333333,62.7903333333334,20.5143333333333,38.7023333333334,14.3653333333333,46.3843333333333,39.7733333333333,14.4033333333333,46.0533333333334,65.6793333333334,9.54333333333329,18.2643333333333,49.3593333333333,12.6753333333334,41.3653333333333,29.4023333333333,39.6343333333333,21.9473333333334,38.0773333333334,35.6583333333333,31.5553333333334,55.4053333333334,32.5133333333333,11.6123333333334,21.1283333333333,29.0093333333333,21.2643333333333,52.1863333333333,19.6403333333334,36.0043333333333,33.6153333333333
60,34.9,13.381,50.9,19.567,36.058,13.851,43.1229999999999,35.668,15.0659999999999,42.141,57.504,9.74000000000001,17.99,43.645,13.999,40.23,29.539,33.117,21.284,33.7569999999999,32.3829999999999,27.658,50.9789999999999,30.9,10.7569999999999,17.851,26.7669999999999,21.284,47.982,17.665,32.1519999999999,30.442
62,31.7176666666667,12.8906666666667,44.2926666666667,18.6526666666666,34.3166666666667,13.7426666666667,40.4936666666666,32.4066666666666,14.6496666666667,37.6166666666667,50.5726666666667,9.33066666666673,16.8036666666667,38.9516666666667,14.7156666666667,36.5826666666667,28.5686666666667,28.8816666666667,19.8976666666666,33.5616666666667,29.8126666666667,24.4506666666666,46.7046666666666,28.7446666666667,9.98266666666666,15.2166666666667,23.8176666666667,19.7416666666667,44.9016666666666,14.5286666666667,30.2516666666667,28.3796666666667
64,27.971,12.072,38.927,17.737,32.801,13.228,37.21,29.49,13.966,33.986,45.747,9.53399999999999,16.346,35.752,14.79,32.942,31.066,25.1559999999999,18.766,34.337,27.646,22.0309999999999,44.509,28.963,8.78099999999995,13.799,21.2,17.756,44.1950000000001,12.915,25.8920000000001,27.64
66,24.674,11.496,34.448,16.819,28.603,12.9929999999999,34.4409999999999,25.002,12.985,31.0699999999999,41.842,9.56700000000001,14.794,32.836,14.764,30.415,31.2339999999999,22.091,16.3869999999999,29.202,23.986,19.27,41.4929999999999,26.62,7.75699999999995,13.571,18.6899999999999,15.324,40.342,11.679,24.925,26.39
68,22.5296666666667,11.2986666666667,34.2496666666667,16.4736666666666,26.3836666666666,12.3416666666667,32.4346666666667,21.9726666666667,11.9786666666666,29.9606666666666,43.5946666666666,10.6256666666667,13.3226666666667,30.3776666666666,13.9936666666666,28.3316666666667,32.2576666666666,19.9956666666667,15.7586666666666,25.6346666666667,23.7546666666667,16.8176666666667,41.0186666666667,24.6836666666667,6.90366666666671,14.9336666666667,17.3346666666666,13.6816666666666,39.6656666666667,12.4186666666667,25.5156666666667,24.4176666666667
70,23.7616666666667,10.8716666666667,44.7716666666666,17.9526666666667,28.6896666666667,12.2096666666666,32.8286666666667,21.7166666666667,11.3166666666666,38.1216666666667,58.4296666666667,10.9076666666666,12.2286666666666,30.9506666666666,13.8516666666667,26.7256666666666,32.3676666666667,21.6636666666667,18.1566666666666,27.0076666666666,30.7456666666667,18.0876666666667,45.0216666666666,24.5046666666667,6.84266666666667,22.1516666666666,16.5596666666667,12.1596666666667,49.6986666666667,17.0656666666666,34.9456666666666,24.9636666666667
72,32.621,12.5550000000001,67.12,23.804,34.4830000000001,13.974,38.152,26.011,11.403,53.4930000000001,85.862,11.348,12.22,38.715,15.3050000000001,31.157,36.963,30.63,19.926,36.888,44.835,25.331,58.643,30.12,8.28600000000006,37.3340000000001,18.09,12.409,74.059,27.063,53.542,31.731
74,46.2323333333334,14.6833333333334,90.3473333333334,28.9393333333334,43.5393333333334,17.2383333333333,47.1153333333334,32.1793333333334,12.2493333333334,74.8843333333334,115.217333333333,11.9423333333334,12.8473333333334,50.2313333333334,16.6903333333333,36.7743333333334,44.5563333333333,45.9663333333334,23.1653333333334,48.2863333333333,59.6673333333334,38.9723333333334,76.6363333333334,39.8303333333333,9.96833333333336,48.9683333333334,21.9623333333334,13.3403333333333,96.2523333333334,36.1123333333334,67.6773333333334,43.5923333333334
76,59.5353333333334,17.8033333333334,101.271333333333,33.3903333333334,54.6233333333333,21.7523333333334,57.1123333333334,38.7703333333334,17.7683333333333,89.8393333333333,123.357333333333,14.1363333333334,15.0973333333334,63.7543333333333,18.8593333333333,46.9853333333333,52.0773333333334,61.0673333333333,29.3023333333333,68.9243333333334,64.7373333333334,50.1473333333333,92.1923333333333,54.1343333333333,12.3633333333333,49.7673333333333,29.7233333333334,15.0893333333333,99.0123333333333,33.0843333333333,71.7063333333333,55.2053333333333
78,65.3616666666667,20.8126666666667,97.9316666666666,36.6396666666667,55.4416666666666,25.8406666666666,64.3266666666667,43.6796666666667,21.9216666666666,90.7326666666667,114.973666666667,16.6096666666666,18.2626666666666,72.0146666666667,21.6296666666667,60.2896666666667,54.8946666666667,66.3796666666667,31.9766666666667,81.4156666666667,62.1916666666666,52.1386666666666,96.9686666666666,61.8006666666666,14.3846666666667,45.0576666666667,34.5756666666666,18.5786666666667,91.6216666666667,32.1026666666667,66.0386666666667,60.5886666666667
80,59.361,22.802,90.354,37.114,51.548,26.878,63.693,43.95,24.1950000000001,81.2670000000001,101.043,16.0730000000001,22.1030000000001,72.7700000000001,24.4630000000001,68.7230000000001,52.389,59.955,32.793,77.264,54.2520000000001,47.375,90.379,61.586,14.789,37.7430000000001,38.663,21.902,78.015,27.5780000000001,56.047,56.5540000000001
82,52.1180000000001,23.1370000000001,77.426,36.01,49.599,25.897,59.428,42.255,24.683,68.652,85.724,15.942,23.6890000000001,68.154,27.3330000000001,70.46,49.98,49.0830000000001,31.654,69.499,46.119,41.172,78.9200000000001,59.152,14.826,32.782,37.8390000000001,22.998,65.951,23.7280000000001,48.015,49.568
84,46.0463333333333,22.3623333333334,67.8003333333334,34.1903333333333,48.5023333333334,24.5563333333333,54.7763333333334,40.0923333333334,24.2863333333333,60.5253333333334,75.8103333333333,15.8543333333333,23.0823333333334,60.7193333333333,28.7433333333333,65.7593333333334,47.6783333333334,40.6073333333334,29.6183333333333,62.7913333333333,40.9513333333334,36.3403333333334,68.5793333333334,54.4573333333334,13.4923333333334,28.3583333333333,35.0493333333334,23.0863333333334,58.0763333333334,21.3243333333334,41.3403333333334,42.7153333333334
86,41.6123333333333,22.0003333333333,61.4843333333333,32.3113333333333,46.9223333333333,23.4043333333333,50.4493333333332,38.2743333333333,23.0283333333333,54.2793333333333,65.6253333333333,14.4043333333333,21.5973333333333,52.4763333333333,27.7383333333332,57.7363333333333,44.8303333333333,35.1383333333333,27.9243333333333,58.7923333333333,36.5133333333333,32.8763333333333,60.3603333333333,50.3963333333332,12.9423333333333,26.6793333333333,33.2823333333333,22.0713333333333,51.3003333333332,19.2963333333332,38.9073333333333,37.0613333333333
88,36.5426666666666,21.0326666666666,55.0156666666667,30.5186666666666,48.2166666666666,21.8016666666666,47.2106666666666,39.1396666666666,21.3336666666667,49.1136666666666,57.6016666666667,13.7756666666667,19.7026666666667,45.8826666666666,25.9746666666666,55.5466666666666,41.8916666666667,31.9216666666666,25.0846666666666,55.0416666666666,33.0076666666666,26.9086666666666,52.3736666666666,46.1476666666666,12.1636666666666,24.7636666666666,31.4086666666666,20.0056666666667,43.9866666666667,18.1996666666666,34.9276666666666,33.7786666666666
90,32.859,20.0069999999999,49.115,27.852,42.235,20.5,43.056,35.335,19.1,44.409,53.2329999999999,13.754,17.026,41.622,24.178,53.12,38.264,28.338,22.26,49.399,30.525,25.4059999999999,47.896,43.472,11.058,22.769,30.025,18.042,40.6319999999999,17.203,35.1950000000001,31.4880000000001
92,29.4163333333333,19.2963333333333,47.9813333333334,26.3013333333333,38.4373333333334,19.3793333333333,39.8693333333333,33.4313333333333,18.5253333333334,47.0523333333333,62.9323333333333,13.3733333333333,15.9883333333333,40.8343333333333,23.3053333333334,49.5353333333334,36.4063333333334,27.3013333333333,20.9043333333334,47.1073333333334,34.5033333333333,23.5493333333334,48.9523333333334,42.5723333333334,10.7293333333333,25.8723333333334,28.3553333333333,16.9353333333333,47.1053333333333,19.6233333333333,39.1753333333334,29.5923333333334
94,30.626,19.588,55.8969999999999,27.3,41.0519999999999,19.3869999999999,37.766,32.6189999999999,18.264,61.432,90.5,13.039,15.949,45.0849999999999,22.843,47.98,37.203,32.663,21.0319999999999,52.217,49.357,29.9259999999999,62.466,44.408,11.375,37.304,28.812,16.122,73.0029999999999,29.1189999999999,54.0369999999999,29.942
96,37.3756666666667,20.8256666666667,72.1776666666667,30.5126666666667,48.0236666666667,21.2446666666667,39.0276666666667,33.8096666666667,19.1246666666667,86.6226666666668,129.989666666667,13.5656666666667,16.1306666666667,59.6246666666667,23.3876666666667,53.2536666666667,42.1936666666667,49.2236666666668,24.7886666666667,69.2566666666667,74.2876666666667,44.7266666666667,89.8016666666667,51.5026666666668,12.7216666666667,57.0466666666667,36.0726666666667,16.3956666666667,112.490666666667,39.3066666666667,76.0176666666667,35.6746666666667
98,50.9906666666667,24.0206666666667,92.3356666666667,35.3426666666667,56.8546666666667,27.8926666666666,46.3156666666666,38.3396666666666,22.7526666666666,111.014666666667,163.015666666667,15.0316666666666,18.6406666666667,84.5196666666667,25.5426666666667,70.0166666666667,49.4336666666667,72.0486666666667,32.2506666666667,94.4166666666666,96.6776666666667,66.9586666666667,125.169666666667,62.4356666666666,16.3686666666666,70.2456666666667,44.7366666666667,17.7236666666666,143.570666666667,49.6546666666667,97.6606666666667,48.8226666666667
100,64.1826666666667,27.5466666666666,105.588666666667,39.7756666666667,66.3426666666667,35.6066666666667,55.6976666666667,44.7276666666667,28.6146666666667,117.035666666667,164.540666666667,16.4416666666667,21.2936666666667,105.616666666667,28.8126666666667,89.9976666666666,56.4466666666667,86.2626666666666,40.5126666666666,115.988666666667,101.239666666667,75.7186666666666,145.509666666667,72.7006666666666,20.6246666666667,69.5876666666667,60.0996666666666,21.1986666666667,142.626666666667,48.0716666666667,105.516666666667,62.1756666666666
102,68.6986666666667,29.6406666666667,107.898666666667,42.4226666666667,61.4886666666667,42.3336666666668,62.0546666666667,48.3586666666667,35.8246666666668,111.350666666667,146.361666666667,19.5506666666668,25.0826666666667,112.972666666667,34.8036666666667,102.651666666667,60.0716666666667,86.7756666666667,45.2046666666668,120.511666666667,94.7086666666668,74.0846666666667,146.475666666667,78.4026666666667,22.7076666666667,62.0986666666668,69.8316666666667,25.1666666666667,117.873666666667,43.5796666666668,96.8716666666667,68.7776666666667
104,67.222,29.513,104.192,41.349,59.062,42.865,62.78,50.086,42.331,98.724,127.572,21.239,29.293,108.325,39.985,104.039,61.697,76.832,45.995,111.158,80.397,66.957,133.21,78.586,23.21,53.381,71.7470000000001,28.8380000000001,94.11,37.643,82.236,67.02
106,62.3036666666667,28.6006666666667,98.9286666666667,39.8356666666667,58.3396666666666,39.8326666666667,59.6226666666666,50.6006666666667,43.7506666666667,86.7526666666666,111.729666666667,24.3566666666667,32.6386666666667,96.6896666666667,45.9576666666667,94.4156666666667,62.8966666666666,63.9606666666667,43.8116666666667,95.3566666666667,67.5396666666667,57.8836666666667,112.741666666667,74.3176666666667,22.4066666666666,46.2216666666667,67.9906666666667,31.5656666666666,77.6686666666667,32.6256666666667,70.4526666666667,62.0706666666667
108,58.9403333333333,27.1153333333333,94.4733333333334,38.5833333333333,56.3183333333333,35.5323333333333,57.3223333333333,52.9293333333333,43.0223333333333,80.8193333333334,98.9903333333333,26.2353333333333,35.1503333333333,82.4843333333333,48.8963333333334,81.8363333333333,64.6943333333334,56.5333333333333,39.8473333333333,84.7193333333333,57.7653333333333,49.6333333333333,96.4183333333333,67.2793333333333,20.9163333333333,42.7943333333333,60.4483333333333,31.9373333333333,68.4753333333333,30.4973333333334,63.4353333333333,58.5393333333333
110,54.9886666666666,25.4506666666666,90.0006666666667,36.7386666666666,53.3176666666667,32.3006666666666,53.7436666666666,55.7796666666667,38.9706666666667,77.7086666666667,86.4276666666667,25.5386666666667,33.6906666666666,68.3316666666667,46.0166666666667,70.3756666666667,63.0526666666667,50.2426666666667,35.8256666666666,74.7696666666667,51.0146666666667,43.3776666666666,82.8276666666667,61.6086666666666,20.2086666666667,38.3516666666667,53.5386666666667,30.2936666666667,60.3856666666667,28.2456666666667,57.0146666666667,54.7966666666666
112,52.0393333333334,24.9253333333334,85.9593333333333,34.1263333333334,49.5953333333333,29.3453333333333,50.5443333333334,58.8333333333334,34.0323333333333,71.0703333333333,78.4853333333333,23.6193333333333,31.4073333333333,58.2043333333334,40.2713333333334,61.6703333333334,59.7033333333334,44.7143333333333,31.3333333333334,66.0903333333333,47.5613333333333,36.0053333333334,70.7283333333334,56.7213333333333,18.1873333333333,36.1783333333334,48.8163333333333,27.8063333333333,55.0323333333333,26.0483333333334,51.0543333333334,52.2663333333334
114,49.1593333333333,25.1473333333333,81.1963333333333,32.8883333333333,46.3273333333333,28.7083333333334,48.4973333333334,61.7433333333333,28.9963333333333,65.0903333333333,78.8103333333333,22.7813333333334,29.2013333333333,50.1863333333333,35.1893333333334,54.5583333333333,56.1263333333333,41.6323333333333,27.2303333333333,59.1643333333333,49.2083333333334,33.9973333333334,64.3303333333333,53.7623333333333,17.4333333333333,36.6813333333333,46.3473333333333,25.3383333333334,57.0353333333334,26.6233333333333,51.7103333333333,49.6513333333334
116,44.9626666666667,24.4686666666666,76.9566666666667,31.4836666666667,42.8826666666668,26.3576666666667,45.7606666666667,60.6006666666667,24.3606666666667,66.1836666666667,93.5636666666667,21.7306666666667,27.5276666666667,49.3176666666667,31.2456666666667,49.4906666666667,53.7136666666667,42.1496666666667,24.2656666666667,57.2406666666667,58.1046666666667,35.6906666666667,68.6426666666667,51.4036666666667,16.5616666666667,44.0686666666667,45.3746666666667,23.9336666666667,75.0926666666667,30.3816666666667,57.1106666666667,46.6006666666667
118,44.1826666666666,25.0546666666667,80.1116666666667,31.6986666666667,42.6096666666666,26.9816666666666,43.8946666666666,60.8176666666666,22.3536666666666,83.9946666666666,128.742666666667,22.5786666666667,27.2916666666666,61.9626666666667,30.9096666666666,48.0076666666666,53.5476666666666,54.6326666666666,24.5246666666666,70.0656666666666,82.7626666666666,49.2626666666666,93.5616666666666,52.5956666666666,17.1566666666666,65.1976666666666,46.9476666666666,23.6056666666666,118.790666666667,43.6296666666666,79.5406666666667,44.9506666666666
120,47.9683333333334,27.6383333333334,93.5123333333333,34.3043333333334,45.6723333333334,29.9783333333334,43.8073333333334,62.9773333333334,23.3353333333334,116.411333333333,161.121333333333,25.5853333333334,28.6363333333334,86.4243333333334,33.0923333333334,52.9453333333333,57.0053333333334,80.6183333333333,31.2313333333334,98.0943333333333,115.277333333333,74.7543333333334,134.914333333333,59.1613333333333,19.4853333333334,89.2623333333333,56.0843333333333,26.0153333333334,169.815333333333,59.4853333333334,112.183333333333,48.4973333333334
